id,phone,outid
534,13000000000, k0i89u6nbmjlortgmtc1boypt3odolny
535,13000000001, x5kdcugztcwmmfjybqaanmtsu70apisx
536,13000000002, sophettu2s6qdmznv4rnbcrvlieunydp
537,13000000003, lgigckfglm3hqczaiv7xsgstgyb7hibn
538,13000000004, k0hux5trtd8xm7aakfkbbormerxft3y7
539,13000000005, 210aznvfhrj7dgvilbybngbislidwdjb
540,13000000006, yx9xslouuyozvvw1yxnlaf6ixnvnugdi
541,13000000007, 4v8o0eldifhiziu0rcmo7sfebpap6dkq
542,13000000008, u1hsqrdsdplteayh53ltnnwyj5xaifoh
543,13000000009, tizvhnpzguhexufkomrdszupvojzo1gk
544,13000000010, ncjfri5tkrgxfgeseu8pbsl9ugmat4ts
545,13000000011, l9cnmwa6y1jve37twjyx4arkhye6azeo
546,13000000012, nbmnafmq1srsk5akvvqrfpwnsou2ipth
547,13000000013, khqsugr6piiurois9s4jdyzlkzingcpb
548,13000000014, qrp5gwwp7oexuhtmyp25kn9xbw1ocg6h
549,13000000015, mrjj1wzz5pq2tirutstjkbcimvw2pjqx
550,13000000016, iaybg5m1nlbuuklwwlg9lrpaskydaiw0
551,13000000017, r97kufjnqczqsqjnwihw8taxqvtubflo
552,13000000018, gvfnr0tkya6ewczkifo0u7pjogldvevk
553,13000000019, 0kwu5xowubp9ae2qgtzt08odcsopizhb
554,13000000020, s2prbjkzmznryb3ggetjnmj9v2lqlsoq
555,13000000021, lwnfmfu5ealeniwyvkndn52dqqdemfx6
556,13000000022, ivcsose3d25tcwxd3lzt7lysvqmg63vk
557,13000000023, ltlnlqxhuo0jdaf16p9rkyglnk2ni3cg
558,13000000024, rtkj2uc7fh0audzwcg4le2sx6ipewldn
559,13000000025, ntsgx5u1i419w3ksukx1mz2qm7vzukae
560,13000000026, skzmbkadtq6aemwuzwcse98fmki1xflc
561,13000000027, ohsksmfje4dqlmb7qgywbe5mqgxm4e3i
562,13000000028, dy9jrha8dprkdhll56jkppvhs151ce5g
563,13000000029, qkaewsr3gqxyhzkbkjxbuhya0tt5bo6t
564,13000000030, sjvpp8w54zjezu49qehadpvuu8pvgyim
565,13000000031, ln1qoantoag0temnafnwdjmq81kmrp4g
566,13000000032, trtxogtii1zfhhlsfms5wcyajbnqdhfq
567,13000000033, 7go5cr4lwywtfyloykoqiinjvhmvf5eo
568,13000000034, klnmpoj7hsfijzivkxfzhj48cjcpy6f6
569,13000000035, bigffibbdfbykyjn0lo6iuaug5qe2jki
570,13000000036, wyxdkr3xx2adgj8k4gnfeuwdi0ykipwr
571,13000000037, pmeucsmb4a03aujqk2slr1gczqmqj9xv
572,13000000038, 4gbdhx2wmljgmpwvn42dl746vsj692ip
573,13000000039, pwxqa8hkkxwfn4qxt0t8oz2fvtjp4fzb
574,13000000040, z0qsagaqrtvafh42xvpbg4i6kmfg2oip
575,13000000041, 750mayfxuzta2xoxepfgjfyo5miwvjb9
576,13000000042, pgfaaobpomorp6ptmpf1yiecw0epyn3y
577,13000000043, khfgputc45nuuccfqtmbpfvsmey9ghsp
578,13000000044, 4hnklppjtybvo9nauepsrksbrvtzi1kd
579,13000000045, 2qkemrftqsqxfehgpsxufkmfz0bdej9s
580,13000000046, 1jxvofap9lj4itpidkxl8mlrrmdjnvla
581,13000000047, bsorxlp0rqawtb41yf28yeyg35kwp66l
582,13000000048, pijzw7j5pigvy8sfsbfzeqhgfabs334n
583,13000000049, fpkp1iwjujnmhlmd85axrpaizkfhxzlu
584,13000000050, lmh43mga5oupilo6ri9awrhi4qreh1i1
585,13000000051, ahdas5mch1t7gq54qwnsva8k4z8n5oro
586,13000000052, pecirmwn5qwt7ata1whcuavtaw5os11q
587,13000000053, rpajp6ut8a94lls5jd5alkhdhcvcbmf0
588,13000000054, qpwpjnzvm3tpxahk7ol8efho8r0guwmo
589,13000000055, qnth83usb1eshsqo2nq4o6ns7vayvsqw
590,13000000056, sapimsgj05d94ebdkh2xl3mkrfpmxqw9
591,13000000057, omv4qrzkxt1bp9nph5fd8oohavrchfds
592,13000000058, nnzwcywdtx0hcoqlescqau5aywft2qs3 
